Id,Name,流程配置路径
ffb45e55-825e-4386-95d4-db070e069ef2,oysho官方旗舰店_内衣家居服_一级类目,C:\Users\liuyongfang\AppData\Roaming\生意方舟配置\oysho官方旗舰店_一级类目-内衣家居服_市场.xlsx
4fe37390-9aae-40fc-90ed-56609853dcbb,oysho官方旗舰店_内衣家居服_店铺排行,C:\Users\liuyongfang\AppData\Roaming\生意方舟配置\oysho官方旗舰店_内衣家居服_店铺排行.xlsx
3032463d-592c-44e0-8c0a-cf53a6071acc,PORTSPURE旗舰店_店铺排行,C:\Users\liuyongfang\AppData\Roaming\生意方舟配置\PORTSPURE旗舰店_店铺排行.xlsx
49dd2c0b-0c3f-4804-989a-d4d3e82a478b,PORTS宝姿男装旗舰店_店铺排行,C:\Users\liuyongfang\AppData\Roaming\生意方舟配置\PORTS宝姿男装旗舰店_店铺排行.xlsx
3893fcad-d130-41ba-aaa9-15e7b11e437a,PORTS宝姿男装旗舰店_市场排行_一级类目,C:\Users\liuyongfang\AppData\Roaming\生意方舟配置\PORTS宝姿男装旗舰店_市场排行_一级类目.xlsx
21fac0af-4d7f-4bde-8fcc-78a18b8e46dd,PORTSPURE旗舰店_市场排行_一级类目,C:\Users\liuyongfang\AppData\Roaming\生意方舟配置\PORTSPURE旗舰店_市场排行_一级类目.xlsx
cd8be657-05ba-427b-8885-95a0b217c44f,bonpoint童装旗舰店_市场排行_商品排行2,C:\Users\liuyongfang\AppData\Roaming\生意方舟配置\bonpoint童装旗舰店_市场排行_商品排行2.xlsx
cdbe9483-5977-4905-b8c2-49bd34434d24,bonpoint童装旗舰店_市场排行_品牌排行2,C:\Users\liuyongfang\AppData\Roaming\生意方舟配置\bonpoint童装旗舰店_市场排行_品牌排行2.xlsx
e16630a4-833d-4c47-85ce-ded9e8f235c5,bonpoint童装旗舰店_市场排行_店铺排行2,C:\Users\liuyongfang\AppData\Roaming\生意方舟配置\bonpoint童装旗舰店_市场排行_店铺排行2.xlsx
bc70604c-be4f-4bb0-b496-4db93b3373dc,elemis艾丽美旗舰店_市场排行_商品排行3_7类目,C:\Users\liuyongfang\AppData\Roaming\生意方舟配置\elemis艾丽美旗舰店_市场排行_商品排行3.xlsx
22f22400-729f-48c2-ba6f-75366d8948ad,elemis艾丽美旗舰店_市场排行_店铺排行3_7类目,C:\Users\liuyongfang\AppData\Roaming\生意方舟配置\elemis艾丽美旗舰店_市场排行_店铺排行3.xlsx
a16d3058-3bbe-4248-ac18-2757b08a0a58,elemis艾丽美旗舰店_市场排行_品牌排行3_7类目,C:\Users\liuyongfang\AppData\Roaming\生意方舟配置\elemis艾丽美旗舰店_市场排行_品牌排行3.xlsx
df6cd89b-f805-4ec5-bff8-24ca445ab5f1,moleskine官方旗舰店_市场排行_商品排行,C:\Users\liuyongfang\AppData\Roaming\生意方舟配置\moleskine官方旗舰店_市场排行_商品排行.xlsx
d77ca709-196a-4c5e-a220-2926172cbe22,moleskine官方旗舰店_市场排行_品牌排行,C:\Users\liuyongfang\AppData\Roaming\生意方舟配置\moleskine官方旗舰店_市场排行_品牌排行.xlsx
6394e697-ae1e-4512-b362-087f14ab27ce,moleskine官方旗舰店_市场排行_店铺排行,C:\Users\liuyongfang\AppData\Roaming\生意方舟配置\moleskine官方旗舰店_市场排行_店铺排行.xlsx
deb95d05-dc0d-43d9-9f4c-8f33fc2ec0c7,moleskine官方旗舰店_市场排行_一级类目,C:\Users\liuyongfang\AppData\Roaming\生意方舟配置\moleskine官方旗舰店_市场排行_一级类目.xlsx
614e7875-d7dd-4547-8d1a-d0717452e60b,mediqtto旗舰店_市场排行_商品排行,C:\Users\liuyongfang\AppData\Roaming\生意方舟配置\mediqtto旗舰店_市场排行_商品排行.xlsx
62ff86df-cb3e-4dd4-acb6-749f974d3053,mediqtto旗舰店_市场排行_品牌排行,C:\Users\liuyongfang\AppData\Roaming\生意方舟配置\mediqtto旗舰店_市场排行_品牌排行.xlsx
aa23d267-5180-465a-a34d-f7c25473dacc,mediqtto旗舰店_市场排行_店铺排行,C:\Users\liuyongfang\AppData\Roaming\生意方舟配置\mediqtto旗舰店_市场排行_店铺排行.xlsx
04830d7a-3752-4ef4-8279-8caf596f06d3,mediqtto旗舰店_市场排行_一级类目,C:\Users\liuyongfang\AppData\Roaming\生意方舟配置\mediqtto旗舰店_市场排行_一级类目.xlsx
a1df2f78-7c6e-4009-9750-38a89dfa8253,bonpoint童装旗舰店_市场排行_商品排行,C:\Users\liuyongfang\AppData\Roaming\生意方舟配置\bonpoint童装旗舰店_市场排行_商品排行.xlsx
79027d61-1fb5-4cb9-a88f-6e437b62dad1,bonpoint童装旗舰店_市场排行_品牌排行,C:\Users\liuyongfang\AppData\Roaming\生意方舟配置\bonpoint童装旗舰店_市场排行_品牌排行.xlsx
806f88ac-45ce-4d69-9c2d-2b139164a679,bonpoint童装旗舰店_市场排行_店铺排行,C:\Users\liuyongfang\AppData\Roaming\生意方舟配置\bonpoint童装旗舰店_市场排行_店铺排行.xlsx
a22fad57-cd0b-4866-91b2-f974b1f1dad4,bonpoint童装旗舰店_竞品分析_竞店,C:\Users\liuyongfang\AppData\Roaming\生意方舟配置\bonpoint童装旗舰店_竞品分析_竞店.xlsx
969b78ff-6339-4c0b-80aa-81283b051db5,bonpoint童装旗舰店_市场排行_一级类目,C:\Users\liuyongfang\AppData\Roaming\生意方舟配置\bonpoint童装旗舰店_市场排行_一级类目.xlsx
f91684d8-b9ea-4db6-a5d5-8d148afccea4,BACCARAT巴卡拉旗舰店_一级类目_市场,C:\Users\liuyongfang\AppData\Roaming\生意方舟配置\BACCARAT巴卡拉旗舰店_一级类目_市场.xlsx
fd6230d0-2dca-43ca-bb64-dc7b03eaa6ef,Iecreuset酷彩官方旗舰店_一级类目_市场,C:\Users\liuyongfang\AppData\Roaming\生意方舟配置\Iecreuset酷彩官方旗舰店_一级类目_市场.xlsx
36ce9cc7-691e-43da-8e77-7fa6ee311f21,几致旗舰店_一级类目_市场,C:\Users\liuyongfang\AppData\Roaming\生意方舟配置\几致旗舰店_一级类目_市场.xlsx
29cce996-e872-4dba-8c17-b339f27bc6c2,oysho官方旗舰店_一级类目_市场,C:\Users\liuyongfang\AppData\Roaming\生意方舟配置\oysho官方旗舰店_一级类目_市场.xlsx
e0c83dea-e361-4b05-a0c6-0d3aa83d5030,Salvatore Ferragamo菲拉格慕官方旗舰店_一级类目_市场,C:\Users\liuyongfang\AppData\Roaming\生意方舟配置\Salvatore Ferragamo菲拉格慕官方旗舰店_一级类目_市场.xlsx
58019506-75b6-4890-84db-bc2661599b0c,seiko精工眼镜官方旗舰店_一级类目_市场,C:\Users\liuyongfang\AppData\Roaming\生意方舟配置\seiko精工眼镜官方旗舰店_一级类目_市场.xlsx
578aeb6d-ba31-44fe-bb32-fd1a56ce436b,icebreaker旗舰店_一级类目_市场,C:\Users\liuyongfang\AppData\Roaming\生意方舟配置\icebreaker旗舰店_一级类目_市场.xlsx
fca163eb-c1e4-4e32-bdc0-dac1a7aa4fcb,Golden Goose官方旗舰店_一级类目_市场,C:\Users\liuyongfang\AppData\Roaming\生意方舟配置\Golden Goose官方旗舰店_一级类目_市场.xlsx
aa2129ba-fd06-43ef-b586-c73dc56cd535,COACH官方outlet旗舰店_一级类目_市场,C:\Users\liuyongfang\AppData\Roaming\生意方舟配置\COACH官方outlet旗舰店_一级类目_市场.xlsx
304a7404-20a4-4e4b-8153-45fe4a52da3b,FREYWILLE旗舰店_一级类目_市场,C:\Users\liuyongfang\AppData\Roaming\生意方舟配置\FREYWILLE旗舰店_一级类目_市场.xlsx
e4cb02be-c749-4235-9773-dc3df1771ff4,bluenile旗舰店_一级类目_市场,C:\Users\liuyongfang\AppData\Roaming\生意方舟配置\bluenile旗舰店_一级类目_市场.xlsx
b3d97a30-f4d4-4a83-8bb9-fc1c13b93c8d,elemis艾丽美旗舰店_一级类目_市场,C:\Users\liuyongfang\AppData\Roaming\生意方舟配置\elemis艾丽美旗舰店_一级类目_市场.xlsx
52ac1576-dd07-48ea-b061-be5b5327611c,BONDI WASH旗舰店_一级类目_市场,C:\Users\liuyongfang\AppData\Roaming\生意方舟配置\BONDI WASH旗舰店_一级类目_市场.xlsx
1d343cda-f7bc-4c54-8bf3-82bb15cde5c4,BalmainHair海外旗舰店_一级类目_市场,C:\Users\liuyongfang\AppData\Roaming\生意方舟配置\BalmainHair海外旗舰店_一级类目_市场.xlsx
b38b7e51-7652-43a2-97f5-99dc5d90f57d,Aesop海外旗舰店_一级类目_市场,C:\Users\liuyongfang\AppData\Roaming\生意方舟配置\Aesop海外旗舰店_一级类目_市场.xlsx
78264aa1-2f51-4fee-b8ae-18c2cde68c48,TOUS桃丝熊官方旗舰店_市场排行_商品排行2_3类目,C:\Users\liuyongfang\AppData\Roaming\生意方舟配置\TOUS桃丝熊官方旗舰店_市场排行_商品排行2.xlsx
ea45d22d-61de-4492-ad72-99f7bea3167d,TOUS桃丝熊官方旗舰店_市场排行_品牌排行2_3类目,C:\Users\liuyongfang\AppData\Roaming\生意方舟配置\TOUS桃丝熊官方旗舰店_市场排行_品牌排行2.xlsx
9b5e2718-3db7-40aa-ac52-dedcc3c73d7d,TOUS桃丝熊官方旗舰店_市场排行_店铺排行2_3类目,C:\Users\liuyongfang\AppData\Roaming\生意方舟配置\TOUS桃丝熊官方旗舰店_市场排行_店铺排行2.xlsx
e292be98-443a-4cff-b710-5e5c5115a531,Salvatore Ferragamo菲拉格慕官方旗舰店_市场排行_商品排行2_6类目,C:\Users\liuyongfang\AppData\Roaming\生意方舟配置\Salvatore Ferragamo菲拉格慕官方旗舰店_市场排行_商品排行2.xlsx
d2b1b686-6726-447a-8db4-49640e2c8171,Salvatore Ferragamo菲拉格慕官方旗舰店_市场排行_品牌排行2_6类目,C:\Users\liuyongfang\AppData\Roaming\生意方舟配置\Salvatore Ferragamo菲拉格慕官方旗舰店_市场排行_品牌排行2.xlsx
1a6d19f5-62d9-422e-9ac0-73ea9d37c913,Salvatore Ferragamo菲拉格慕官方旗舰店_市场排行_店铺排行2_6类目,C:\Users\liuyongfang\AppData\Roaming\生意方舟配置\Salvatore Ferragamo菲拉格慕官方旗舰店_市场排行_店铺排行2.xlsx
add1e531-c816-409a-aac9-02f9dfd7c828,icebreaker旗舰店_市场排行_商品排行2_16类目,C:\Users\liuyongfang\AppData\Roaming\生意方舟配置\icebreaker旗舰店_市场排行_商品排行2.xlsx
ec14a7eb-3ed4-4070-a9f6-ec76827f70ca,icebreaker旗舰店_市场排行_品牌排行2_16类目,C:\Users\liuyongfang\AppData\Roaming\生意方舟配置\icebreaker旗舰店_市场排行_品牌排行2.xlsx
fab56056-18c3-49a8-a857-8f8801c1f4a7,icebreaker旗舰店_市场排行_店铺排行2_16类目,C:\Users\liuyongfang\AppData\Roaming\生意方舟配置\icebreaker旗舰店_市场排行_店铺排行2.xlsx
2c8e8e44-6842-4525-81c2-3ce45cba9196,oysho官方旗舰店_市场排行_商品排行2_6类目,C:\Users\liuyongfang\AppData\Roaming\生意方舟配置\oysho官方旗舰店_市场排行_商品排行2.xlsx
f5aabc12-fd94-40b2-96a2-301b3f7722e0,oysho官方旗舰店_市场排行_品牌排行2_6类目,C:\Users\liuyongfang\AppData\Roaming\生意方舟配置\oysho官方旗舰店_市场排行_品牌排行2.xlsx
6991f9ca-4696-4d12-8ad5-b7858611e2bd,oysho官方旗舰店_市场排行_店铺排行2_6类目,C:\Users\liuyongfang\AppData\Roaming\生意方舟配置\oysho官方旗舰店_市场排行_店铺排行2.xlsx
5a4d89f5-08c3-4b6d-a3d9-f7b923d458e9,elemis艾丽美旗舰店_市场排行_商品排行2_8类目,C:\Users\liuyongfang\AppData\Roaming\生意方舟配置\elemis艾丽美旗舰店_市场排行_商品排行2.xlsx
b80ac420-4891-4bee-a16f-715eca6c76f2,elemis艾丽美旗舰店_市场排行_品牌排行2_8类目,C:\Users\liuyongfang\AppData\Roaming\生意方舟配置\elemis艾丽美旗舰店_市场排行_品牌排行2.xlsx
482c7c59-437c-4db7-88a0-562efa5c8c22,elemis艾丽美旗舰店_市场排行_店铺排行2_8类目,C:\Users\liuyongfang\AppData\Roaming\生意方舟配置\elemis艾丽美旗舰店_市场排行_店铺排行2.xlsx
00671c46-18ac-4ecd-be73-3780eefded71,seiko精工眼镜官方旗舰店_市场排行_商品排行2_8类目,C:\Users\liuyongfang\AppData\Roaming\生意方舟配置\seiko精工眼镜官方旗舰店_市场排行_商品排行2.xlsx
eb719300-cb94-44f8-b42d-c25c8b54d5bd,seiko精工眼镜官方旗舰店_市场排行_品牌排行2_剩余8类目,C:\Users\liuyongfang\AppData\Roaming\生意方舟配置\seiko精工眼镜官方旗舰店_市场排行_品牌排行2.xlsx
1a1e4fbc-fa47-4d88-a21a-987046674471,seiko精工眼镜官方旗舰店_市场排行_店铺排行2_剩余8类目,C:\Users\liuyongfang\AppData\Roaming\生意方舟配置\seiko精工眼镜官方旗舰店_市场排行_店铺排行2.xlsx
b4cb5375-9df0-4a71-8475-01e8acb52e25,seiko精工眼镜官方旗舰店_市场排行_市场大盘_搜排_市排_简化配置项,C:\Users\liuyongfang\AppData\Roaming\生意方舟配置\seiko精工眼镜官方旗舰店_市场排行_市场大盘_搜排_市排.xlsx
04a28978-5715-4775-9332-7339852b2217,Aesop海外旗舰店_商品排行,C:\Users\liuyongfang\AppData\Roaming\生意方舟配置\Aesop海外旗舰店_商品排行.xlsx
1732de56-c8fa-40c9-81a6-798d3fb85a4a,robertocoin珂瑛旗舰店_竞品分析_竞店,C:\Users\liuyongfang\AppData\Roaming\生意方舟配置\robertocoin珂瑛旗舰店_竞品分析_竞店.xlsx
b1aeb513-2899-4abf-834a-620526326a13,elemis艾丽美旗舰店_竞品分析_竞店,C:\Users\liuyongfang\AppData\Roaming\生意方舟配置\elemis艾丽美旗舰店_竞品分析_竞店.xlsx
54f7893e-6fb7-416e-b65a-1c4bd3af972d,elemis艾丽美旗舰店_市场排行_店铺排行,C:\Users\liuyongfang\AppData\Roaming\生意方舟配置\elemis艾丽美旗舰店_市场排行_店铺排行.xlsx
10796e4e-940d-4f99-95b1-43a5936868f1,elemis艾丽美旗舰店_市场排行_品牌排行,C:\Users\liuyongfang\AppData\Roaming\生意方舟配置\elemis艾丽美旗舰店_市场排行_品牌排行.xlsx
3a2e8fae-0851-473d-a0a6-6dee63147702,elemis艾丽美旗舰店_市场排行_商品排行,C:\Users\liuyongfang\AppData\Roaming\生意方舟配置\elemis艾丽美旗舰店_市场排行_商品排行.xlsx
036a3bf0-d053-4f37-ae66-47ecdac739c1,seiko精工眼镜官方旗舰店_市场排行_商品排行,C:\Users\liuyongfang\AppData\Roaming\生意方舟配置\seiko精工眼镜官方旗舰店_市场排行_商品排行.xlsx
dc81a3d8-4d12-40a7-a238-af9a2d0128e0,seiko精工眼镜官方旗舰店_市场排行_品牌排行,C:\Users\liuyongfang\AppData\Roaming\生意方舟配置\seiko精工眼镜官方旗舰店_市场排行_品牌排行.xlsx
28c78cd8-4de0-40d2-a826-996b956abedd,seiko精工眼镜官方旗舰店_市场排行_店铺排行,C:\Users\liuyongfang\AppData\Roaming\生意方舟配置\seiko精工眼镜官方旗舰店_市场排行_店铺排行.xlsx
c4783bb3-cf50-4e54-910d-a944b92ae3c5,seiko精工眼镜官方旗舰店_竞品分析_竞店,C:\Users\liuyongfang\AppData\Roaming\生意方舟配置\seiko精工眼镜官方旗舰店_竞品分析_竞店.xlsx
861ce960-a4aa-4f30-92bc-512a81beabe9,几致旗舰店_竞品分析_本品和竞店,C:\Users\liuyongfang\AppData\Roaming\生意方舟配置\几致旗舰店_竞品分析_本品和竞店.xlsx
db8d1ca6-7e3a-4db0-a998-e011428ebf75,几致旗舰店_竞品分析_竞品,C:\Users\liuyongfang\AppData\Roaming\生意方舟配置\几致旗舰店_竞品分析_竞品.xlsx
fdce504f-a1a5-46ea-b3e5-6cfdf564497f,几致旗舰店_市场排行_店铺排行,C:\Users\liuyongfang\AppData\Roaming\生意方舟配置\几致旗舰店_市场排行_店铺排行.xlsx
3c1b373b-dd2b-4993-9d46-53f53aafb935,几致旗舰店_市场排行_品牌排行,C:\Users\liuyongfang\AppData\Roaming\生意方舟配置\几致旗舰店_市场排行_品牌排行.xlsx
c46a4841-e4a2-4845-bc21-f48684469467,几致旗舰店_市场排行_商品排行,C:\Users\liuyongfang\AppData\Roaming\生意方舟配置\几致旗舰店_市场排行_商品排行.xlsx
e96e54d0-e05d-4654-9397-0aa8d4aceeef,icebreaker旗舰店_商品排行,C:\Users\liuyongfang\AppData\Roaming\生意方舟配置\icebreaker旗舰店_商品排行.xlsx
b0adf732-a09f-4fe0-a657-aeafac7c9051,Salvatore Ferragamo菲拉格慕官方旗舰店_商品排行,C:\Users\liuyongfang\AppData\Roaming\生意方舟配置\Salvatore Ferragamo菲拉格慕官方旗舰店_商品排行.xlsx
908b9a2c-4088-4911-822e-3ddaf2ec29c6,Golden Goose官方旗舰店_竞品分析2,C:\Users\liuyongfang\AppData\Roaming\生意方舟配置\Golden Goose官方旗舰店_竞品分析2.xlsx
d8608c98-b4e0-49c0-baff-12ebebff2be3,Golden Goose官方旗舰店_商品排行,C:\Users\liuyongfang\AppData\Roaming\生意方舟配置\Golden Goose官方旗舰店_商品排行.xlsx
6be8f456-9527-42ea-9e29-021e65361595,圣罗兰官方旗舰店_商品排行,C:\Users\liuyongfang\AppData\Roaming\生意方舟配置\圣罗兰官方旗舰店_商品排行.xlsx
c308270f-382d-4cb0-a89a-6ecb5dc40ae1,COACH蔻驰官方旗舰店_商品排行,C:\Users\liuyongfang\AppData\Roaming\生意方舟配置\COACH蔻驰官方旗舰店_商品排行.xlsx
8c18052b-59bf-4a5d-95ae-e4d7aca18868,COACH官方outlet旗舰店_商品排行,C:\Users\liuyongfang\AppData\Roaming\生意方舟配置\COACH官方outlet旗舰店_商品排行.xlsx
33f5629d-2f00-4c07-8ea0-89999fe0705a,TOUS桃丝熊官方旗舰店_商品排行,C:\Users\liuyongfang\AppData\Roaming\生意方舟配置\TOUS桃丝熊官方旗舰店_商品排行.xlsx
2b3ffeb7-d4b1-4920-96e6-50edd40a0171,FREYWILLE旗舰店_商品排行,C:\Users\liuyongfang\AppData\Roaming\生意方舟配置\FREYWILLE旗舰店_商品排行.xlsx
71c5fed0-6c54-4830-99bb-10f759db8f2a,bluenile旗舰店_店铺排行,C:\Users\liuyongfang\AppData\Roaming\生意方舟配置\bluenile旗舰店_店铺排行.xlsx
9c1da832-3f91-4461-8d3b-9dd8c178473b,bluenile旗舰店_商品排行,C:\Users\liuyongfang\AppData\Roaming\生意方舟配置\bluenile旗舰店_商品排行.xlsx
6b2ff4ef-800c-4eb9-85b3-b79ff076b3d1,Graff格拉夫官方旗舰店_品牌排行,C:\Users\liuyongfang\AppData\Roaming\生意方舟配置\Graff格拉夫官方旗舰店_品牌排行.xlsx
a7f38f20-7177-4d5a-8db8-1fe084b93989,Graff格拉夫官方旗舰店_商品排行,C:\Users\liuyongfang\AppData\Roaming\生意方舟配置\Graff格拉夫官方旗舰店_商品排行.xlsx
b48b93de-a645-4ee6-87b2-f38db67f9ede,Graff格拉夫官方旗舰店_店铺排行,C:\Users\liuyongfang\AppData\Roaming\生意方舟配置\Graff格拉夫官方旗舰店_店铺排行.xlsx
339cb630-e471-418b-89dd-87d149223221,LEPEBBLE乐有石旗舰店_商品排行,C:\Users\liuyongfang\AppData\Roaming\生意方舟配置\LEPEBBLE乐有石旗舰店_商品排行.xlsx
330a3ca5-50fd-4b0a-9565-d49555d7f516,FER A CHEVAL旗舰店_商品排行,C:\Users\liuyongfang\AppData\Roaming\生意方舟配置\FER A CHEVAL旗舰店_商品排行.xlsx
90932fb9-4046-4c4e-981e-b0a5dc19e8a7,BACCARAT巴卡拉旗舰店_商品排行,C:\Users\liuyongfang\AppData\Roaming\生意方舟配置\BACCARAT巴卡拉旗舰店_商品排行.xlsx
f72e159e-6ff5-4fe2-97ce-1ebc0fb7379f,BONDI WASH旗舰店_商品排行,C:\Users\liuyongfang\AppData\Roaming\生意方舟配置\BONDI WASH旗舰店_商品排行.xlsx
447438d4-644e-442b-8b80-512f0ba8aba5,BONDI WASH旗舰店_品牌排行,C:\Users\liuyongfang\AppData\Roaming\生意方舟配置\BONDI WASH旗舰店_品牌排行.xlsx
b2bcfa9a-9215-40d3-ab6f-16b6ea9c1081,BalmainHair海外旗舰店_品牌排行,C:\Users\liuyongfang\AppData\Roaming\生意方舟配置\BalmainHair海外旗舰店_品牌排行.xlsx
92642c53-36e2-424a-8252-7b61168d26b3,balmainhair海外旗舰店_商品排行,C:\Users\liuyongfang\AppData\Roaming\生意方舟配置\BalmainHair海外旗舰店_商品排行.xlsx
ed11888d-a8ab-419c-9990-cddee08e3756,Byredo柏芮朵官方旗舰店_商品排行,C:\Users\liuyongfang\AppData\Roaming\生意方舟配置\byredo柏芮朵官方旗舰店_商品排行.xlsx
601d4121-dfc5-48e4-b5e9-c29bf3b2e16e,Aesop海外旗舰店_品牌排行,C:\Users\liuyongfang\AppData\Roaming\生意方舟配置\aesop海外旗舰店_品牌排行.xlsx
1124c010-66df-4070-b72f-cc8ba3590d8c,byredo柏芮朵官方旗舰店_竞品分析2,C:\Users\liuyongfang\AppData\Roaming\生意方舟配置\byredo柏芮朵官方旗舰店_竞品分析2.xlsx
806b1ce0-9ca1-4ce2-aded-0c3b42accb09,lecreuset酷彩官方旗舰店_市场排行_商品排行,C:\Users\liuyongfang\AppData\Roaming\生意方舟配置\Iecreuset酷彩官方旗舰店_市场排行_商品排行.xlsx
d537a1f2-e2cf-4b39-8173-52d305c0ac8b,lecreuset酷彩官方旗舰店_市场排行_品牌排行,C:\Users\liuyongfang\AppData\Roaming\生意方舟配置\Iecreuset酷彩官方旗舰店_市场排行_品牌排行.xlsx
8321c90e-3216-4897-a84a-8dad60498162,lecreuset酷彩官方旗舰店_店铺排行,C:\Users\liuyongfang\AppData\Roaming\生意方舟配置\Iecreuset酷彩官方旗舰店_市场排行_店铺排行.xlsx
4eac9d2a-7be6-4085-8c30-de49d41d2744,lecreuset酷彩官方旗舰店_竞品分析_本品和竞店,C:\Users\liuyongfang\AppData\Roaming\生意方舟配置\Iecreuset酷彩官方旗舰店_竞品分析_本品和竞店.xlsx
99e58d83-1ff4-4c48-998a-1a46bce0dd6d,lecreuset酷彩官方旗舰店_竞品分析_竞品,C:\Users\liuyongfang\AppData\Roaming\生意方舟配置\Iecreuset酷彩官方旗舰店_竞品分析_竞品.xlsx
90a08e48-f830-47bb-9df6-dbe94f58712a,oysho官方旗舰店_商品排行,C:\Users\liuyongfang\AppData\Roaming\生意方舟配置\oysho官方旗舰店_商品排行.xlsx
938a1b4e-f1b3-4036-972c-944f024897a8,oysho官方旗舰店_品牌排行,C:\Users\liuyongfang\AppData\Roaming\生意方舟配置\oysho官方旗舰店_品牌排行.xlsx
e96cd07e-2597-4f84-8b01-daef0bea6228,oysho官方旗舰店_竞品分析_竞店分析,C:\Users\liuyongfang\AppData\Roaming\生意方舟配置\oysho官方旗舰店_竞品分析_竞店分析.xlsx
44dee678-9e0f-4bf5-b142-599fa6dfcede,oysho官方旗舰店_店铺排行,C:\Users\liuyongfang\AppData\Roaming\生意方舟配置\oysho官方旗舰店_店铺排行.xlsx
77affe3b-c9bb-4137-bb3b-d425a03dfc59,FREYWILLE旗舰店_竞品分析_竞店分析,C:\Users\liuyongfang\AppData\Roaming\生意方舟配置\FREYWILLE旗舰店_竞品分析_竞店分析.xlsx
15180e66-ed0d-4af8-b56b-8bd360d6e6f7,icebreaker旗舰店_品牌排行,C:\Users\liuyongfang\AppData\Roaming\生意方舟配置\icebreaker旗舰店_品牌排行.xlsx
1795ad20-3ccc-464a-b71a-432515b0349f,icebreaker旗舰店_竞品分析_竞店分析,C:\Users\liuyongfang\AppData\Roaming\生意方舟配置\icebreaker旗舰店_竞品分析_竞店分析.xlsx
e5030cf3-7b80-4c6d-87af-136875bb1bac,icebreaker旗舰店_店铺排行,C:\Users\liuyongfang\AppData\Roaming\生意方舟配置\icebreaker旗舰店_店铺排行.xlsx
725773d9-ab6e-43bf-89d1-79458d7ffc3e,圣罗兰官方旗舰店_品牌排行,C:\Users\liuyongfang\AppData\Roaming\生意方舟配置\圣罗兰官方旗舰店_品牌排行.xlsx
8a1b70ac-1380-4ebb-a64e-8ad712dda948,圣罗兰官方旗舰店_竞品分析_竞店分析,C:\Users\liuyongfang\AppData\Roaming\生意方舟配置\圣罗兰官方旗舰店_竞品分析_竞店分析.xlsx
f08d276a-3ea1-4ecd-bbf2-7ad6d9486c61,圣罗兰官方旗舰店_店铺排行,C:\Users\liuyongfang\AppData\Roaming\生意方舟配置\圣罗兰官方旗舰店_店铺排行.xlsx
480055cf-ddd9-49ff-8d59-e5418df04803,Salvatore Ferragamo菲拉格慕官方旗舰店_竞品分析_竞店分析,C:\Users\liuyongfang\AppData\Roaming\生意方舟配置\Salvatore Ferragamo菲拉格慕官方旗舰店_竞品分析_竞店分析.xlsx
0104a737-1809-4f6e-beff-2c25815577a8,Salvatore Ferragamo菲拉格慕官方旗舰店_品牌排行,C:\Users\liuyongfang\AppData\Roaming\生意方舟配置\Salvatore Ferragamo菲拉格慕官方旗舰店_品牌排行.xlsx
979f0f93-d3e7-4088-90cf-5a1c5be2360e,Salvatore Ferragamo菲拉格慕官方旗舰店_店铺排行,C:\Users\liuyongfang\AppData\Roaming\生意方舟配置\Salvatore Ferragamo菲拉格慕官方旗舰店_店铺排行.xlsx
5e462135-da9d-4a6b-a615-a0353f314928,BACCARAT巴卡拉旗舰店_品牌排行,C:\Users\liuyongfang\AppData\Roaming\生意方舟配置\BACCARAT巴卡拉旗舰店_品牌排行.xlsx
ca8e0090-17d9-4edc-9de9-6a65c3446286,COACH蔻驰官方旗舰店_品牌排行,C:\Users\liuyongfang\AppData\Roaming\生意方舟配置\COACH蔻驰官方旗舰店_品牌排行.xlsx
85e0dc86-595a-4298-93f0-df05f0c09e4e,COACH蔻驰官方旗舰店_店铺排行,C:\Users\liuyongfang\AppData\Roaming\生意方舟配置\COACH蔻驰官方旗舰店_店铺排行.xlsx
97954b55-ba32-492a-b412-5d39b223bf7b,COACH官方outlet旗舰店_品牌排行,C:\Users\liuyongfang\AppData\Roaming\生意方舟配置\COACH官方outlet旗舰店_品牌排行.xlsx
525faef6-fffc-4dea-ac70-7b76a4bb5a50,COACH官方outlet旗舰店_店铺排行,C:\Users\liuyongfang\AppData\Roaming\生意方舟配置\COACH官方outlet旗舰店_店铺排行.xlsx
015ea8b3-0635-4c2a-9b61-ab022145b038,FREYWILLE旗舰店_店铺排行,C:\Users\liuyongfang\AppData\Roaming\生意方舟配置\FREYWILLE旗舰店_店铺排行.xlsx
b8ba5416-0858-4797-a008-922569c3a099,FREYWILLE旗舰店_品牌排行,C:\Users\liuyongfang\AppData\Roaming\生意方舟配置\FREYWILLE旗舰店_品牌排行.xlsx
84895bfe-d20d-40e6-b343-445eb6129cd1,TOUS桃丝熊官方旗舰店_竞品分析_竞店分析,C:\Users\liuyongfang\AppData\Roaming\生意方舟配置\TOUS桃丝熊官方旗舰店_竞品分析_竞店分析.xlsx
91221871-da7b-4073-a4d5-5e0a0dbbbeb2,TOUS桃丝熊官方旗舰店_店铺排行,C:\Users\liuyongfang\AppData\Roaming\生意方舟配置\TOUS桃丝熊官方旗舰店_店铺排行.xlsx
fdd3d3d4-706b-4721-bce9-775db6c956d5,TOUS桃丝熊官方旗舰店_品牌排行,C:\Users\liuyongfang\AppData\Roaming\生意方舟配置\TOUS桃丝熊官方旗舰店_品牌排行.xlsx
f28285e1-d2f2-4029-9f3d-a9874cfd1895,bluenile旗舰店_品牌排行,C:\Users\liuyongfang\AppData\Roaming\生意方舟配置\bluenile旗舰店_品牌排行.xlsx
1cde423e-9f53-4bce-a93f-a8e152ddb8ae,BACCARAT巴卡拉旗舰店_店铺排行,C:\Users\liuyongfang\AppData\Roaming\生意方舟配置\BACCARAT巴卡拉旗舰店_店铺排行.xlsx
4ee74223-d53d-49b3-bc46-772f06ad18eb,BACCARAT巴卡拉旗舰店_竞品分析_竞店分析,C:\Users\liuyongfang\AppData\Roaming\生意方舟配置\BACCARAT巴卡拉旗舰店_竞品分析_竞店分析.xlsx
952922f4-54b6-4638-9a31-aa725f208d2c,LEPEBBLE乐有石旗舰店_竞品分析_竞店分析,C:\Users\liuyongfang\AppData\Roaming\生意方舟配置\LEPEBBLE乐有石旗舰店_竞品分析_竞店分析.xlsx
1c5b2551-2158-4070-ae2c-5b3906b6820d,FER A CHEVAL旗舰店_竞品分析_竞店分析,C:\Users\liuyongfang\AppData\Roaming\生意方舟配置\FER A CHEVAL旗舰店_竞品分析_竞店分析.xlsx
24a153c0-1768-4954-baca-b51b4d2cdca3,BONDI WASH旗舰店_竞品分析2,C:\Users\liuyongfang\AppData\Roaming\生意方舟配置\BONDI WASH旗舰店_竞品分析2.xlsx
93759378-ec2d-47b2-b34d-14ca62e1dd9a,BONDI WASH旗舰店_竞品分析_竞店分析,C:\Users\liuyongfang\AppData\Roaming\生意方舟配置\BONDI WASH旗舰店_竞品分析_竞店分析.xlsx
7d0a5727-ed7f-45de-a188-2c334f261840,balmainhair海外旗舰店_竞品分析2,C:\Users\liuyongfang\AppData\Roaming\生意方舟配置\balmainhair海外旗舰店_竞品分析2.xlsx
f7e10f41-c2d7-4090-9b26-f8bdca7a1344,BalmainHair海外旗舰店_竞品分析_竞店分析,C:\Users\liuyongfang\AppData\Roaming\生意方舟配置\BalmainHair海外旗舰店_竞品分析_竞店分析.xlsx
8c70603c-8f27-4cbc-a18b-25212ee438ad,Byredo柏芮朵官方旗舰店_品牌排行,C:\Users\liuyongfang\AppData\Roaming\生意方舟配置\byredo柏芮朵官方旗舰店_品牌排行.xlsx
f5aaf09c-7230-4d8e-8078-d899830c4324,Byredo柏芮朵官方旗舰店_竞品分析1_竞店分析,C:\Users\liuyongfang\AppData\Roaming\生意方舟配置\byredo柏芮朵官方旗舰店_竞品分析_竞店分析.xlsx
ba44707b-86fc-4ac0-ac7c-0d307fd31605,Aesop海外旗舰店_竞品分析_竞店分析,C:\Users\liuyongfang\AppData\Roaming\生意方舟配置\aesop海外旗舰店_竞品分析1_竞店分析.xlsx
684530a8-93a2-4f85-8493-7a7a611674fd,Byredo柏芮朵官方旗舰店_店铺排行,C:\Users\liuyongfang\AppData\Roaming\生意方舟配置\byredo柏芮朵官方旗舰店_店铺排行.xlsx
8f7af575-a0e9-404b-8e08-9d874efc3b29,LEPEBBLE乐有石旗舰店_竞品分析2,C:\Users\liuyongfang\AppData\Roaming\生意方舟配置\LEPEBBLE乐有石旗舰店_竞品分析2.xlsx
13230a63-62c4-4821-8d31-79bfca07a783,LEPEBBLE乐有石旗舰店_店铺排行,C:\Users\liuyongfang\AppData\Roaming\生意方舟配置\LEPEBBLE乐有石旗舰店_店铺排行.xlsx
d6e7cbcb-89a4-4fa8-a26a-eea7cda14164,FER A CHEVAL旗舰店_店铺排行,C:\Users\liuyongfang\AppData\Roaming\生意方舟配置\FER A CHEVAL旗舰店_店铺排行.xlsx
c58082ff-8200-4af2-9dd5-6c0962d6c11d,BONDI WASH旗舰店_店铺排行,C:\Users\liuyongfang\AppData\Roaming\生意方舟配置\BONDI WASH旗舰店_店铺排行.xlsx
a97a206b-efc6-4fad-8913-d87cd36d5c5c,BalmainHair海外旗舰店_店铺排行,C:\Users\liuyongfang\AppData\Roaming\生意方舟配置\BalmainHair海外旗舰店_店铺排行.xlsx
ffdb02f3-cf25-4481-9171-9ce68c15aa57,Aesop海外旗舰店_店铺排行,C:\Users\liuyongfang\AppData\Roaming\生意方舟配置\Aesop海外旗舰店_店铺排行.xlsx
66908107-6a41-4f8f-81ac-0305db1e94f6,Aesop海外旗舰店_竞品分析2,C:\Users\liuyongfang\AppData\Roaming\生意方舟配置\Aesop海外旗舰店_竞品分析2.xlsx
5396ccf6-3ccc-48ad-af54-2f1561197d1d,Aesop海外旗舰店_竞店分析_月,C:\Users\Administrator\AppData\Roaming\生意方舟配置\aesop海外旗舰店_竞品分析1_竞店分析.xlsx
ac7fdf5b-05dc-4098-992a-021ff56aead3,balmainhair海外旗舰店_竞店分析_周,C:\Users\Administrator\AppData\Roaming\生意方舟配置\balmainhair海外旗舰店_竞品分析1_竞店分析.xlsx
8eb3e372-d860-4d0e-b17b-81c674939fe0,Aesop海外旗舰店_竞店分析_周,C:\Users\Administrator\AppData\Roaming\生意方舟配置\aesop海外旗舰店_竞品分析1_竞店分析.xlsx
f37de8fe-d498-4719-8cc7-0ff87f480ff8,GoldenGoose官方旗舰店_店铺排行,C:\Users\liuyongfang\AppData\Roaming\生意方舟配置\Golden Goose官方旗舰店_店铺排行.xlsx
23c9183b-2aef-47f4-824a-e20ac714f3da,GoldenGoose官方旗舰店_品牌排行,C:\Users\liuyongfang\AppData\Roaming\生意方舟配置\Golden Goose官方旗舰店_品牌排行.xlsx
333734c5-15ec-466f-a343-d50245ef7573,GoldenGoose官方旗舰店_竞品分析_竞店分析,C:\Users\liuyongfang\AppData\Roaming\生意方舟配置\Golden Goose官方旗舰店_竞品分析_竞店分析.xlsx
